claim,evidence,label,model_score,model_pred,baseline_score,baseline_pred
I solved a dynamic programming problem on LeetCode today,Worked through LeetCode 322 Coin Change using bottom-up dynamic programming. Built a DP table tracking minimum coins needed for each amount up to the target.,1,0.3472,0,0.1796,1
I studied BFS and DFS graph algorithms,Implemented BFS and DFS from scratch in Python. Solved LeetCode 200 Number of Islands using BFS with a visited set to avoid revisiting nodes.,1,0.5242,1,0.2036,1
I practiced binary search problems on LeetCode,"Solved three binary search problems today: Search in Rotated Array, Find Peak Element, and Koko Eating Bananas. Got two correct on first submission.",1,0.5041,1,0.3181,1
I studied recursion and backtracking,Worked through the N-Queens problem using recursive backtracking. Traced the call stack manually to understand how the algorithm explores and prunes branches.,1,0.4058,1,0.0768,0
I completed a sliding window algorithm problem,Solved Longest Substring Without Repeating Characters using a sliding window approach. Used a hash set to track characters in the current window.,1,0.2303,0,0.2032,1
I completed a full body workout today,"Did 4 sets of squats, 3 sets of bench press, and 3 sets of deadlifts. Finished with 20 minutes of cardio on the treadmill. Total session was 75 minutes.",1,0.4791,1,0.0,0
I went for a run this morning,Ran 5km in 28 minutes at the park. Kept my heart rate around 155 bpm. Stretched for 10 minutes afterward to prevent soreness.,1,0.3534,1,0.0,0
I did a HIIT workout session,"Completed a 30-minute HIIT circuit: 40 seconds on, 20 seconds rest. Exercises included burpees, jump squats, mountain climbers, and push-ups. Three full rounds.",1,0.5037,1,0.0543,0
I completed a yoga and stretching session,Followed a 45-minute yoga flow focusing on hip flexors and hamstrings. Held each pose for 30-60 seconds and finished with 10 minutes of meditation.,1,0.5046,1,0.0568,0
I did an upper body strength training session,"Trained chest and shoulders today. Did incline dumbbell press, lateral raises, cable flyes, and overhead press. Increased weight on shoulder press by 5 lbs.",1,0.4547,1,0.0191,0
I read a chapter on machine learning today,Read chapter 4 of Hands-On Machine Learning covering gradient descent optimization. Took notes on learning rate schedules and momentum. Worked through two exercises.,1,0.4293,1,0.3479,1
I studied system design concepts,"Read about distributed systems, covering load balancing, consistent hashing, and CAP theorem. Drew architecture diagrams for a URL shortener and a chat system.",1,0.283,0,0.0,0
I read articles about natural language processing,Went through three papers on transformer architectures and attention mechanisms. Summarized key points about how BERT handles bidirectional context in language models.,1,0.3245,0,0.0524,0
I studied data structures by reading a textbook,"Covered chapter 7 on hash tables: open addressing, chaining, and load factor analysis. Implemented a simple hash map in Python from scratch as a follow-up exercise.",1,0.2921,0,0.0,0
I read a chapter on operating systems,"Studied process scheduling algorithms in the OS textbook: FCFS, SJF, Round Robin, and Priority Scheduling. Compared turnaround times using example Gantt charts.",1,0.2643,0,0.0,0
I applied to software engineering jobs today,"Submitted applications to three companies: Google, Stripe, and a Series B startup. Tailored my resume for each role and wrote custom cover letters highlighting relevant projects.",1,0.3232,0,0.0,0
I updated my resume and applied to jobs,Rewrote the experience section of my resume to quantify impact with metrics. Applied to two backend engineering roles and one full-stack position on LinkedIn and their career pages.,1,0.3713,1,0.091,0
I did a mock technical interview today,Practiced a 45-minute mock interview with a friend. Got two coding questions: reverse a linked list and find all permutations of a string. Talked through my approach before coding.,1,0.3113,0,0.0955,0
I researched companies and applied to internships,Looked into five companies' engineering blogs to understand their tech stacks. Applied to two SWE internships at fintech companies and one at a healthtech startup.,1,0.4436,1,0.2169,1
I prepared for a behavioral interview,"Wrote out STAR-format answers for the top 10 behavioral questions. Practiced telling stories about conflict resolution, leadership, and handling ambiguity. Recorded myself for review.",1,0.4014,1,0.068,0
I pushed code to GitHub today,"Committed and pushed three changes to my accountability-os repo: fixed a Redis parsing bug, added the weekly summary endpoint, and updated the mobile app to display live scores.",1,0.21,0,0.0372,0
I made a GitHub commit working on a side project,"Pushed a commit to my portfolio site repo. Added a new projects section, fixed a responsive layout bug on mobile, and updated the README with setup instructions.",1,0.2323,0,0.0565,0
I contributed to an open source project today,Opened a pull request on a popular Python library fixing a documentation error and adding a missing type hint to one of the utility functions. PR was reviewed and merged.,1,0.161,0,0.0,0
I refactored my codebase and pushed changes,"Spent 2 hours refactoring the activity manager module: extracted repeated Redis parsing logic into a helper, added JSDoc comments, and split a large function into smaller ones.",1,0.0966,0,0.0,0
I implemented a new feature and pushed it to GitHub,"Built and shipped the manual activity logging endpoint. Added input validation, connected it to the scoring system, and wrote a test script to verify it worked end to end.",1,0.2105,0,0.0,0
I solved a dynamic programming problem on LeetCode today,"Spent the afternoon watching a cooking show and meal prepping for the week. Made pasta, roasted vegetables, and prepared overnight oats for breakfast.",0,0.1047,0,0.0,0
I studied BFS and DFS graph algorithms,"Went to the grocery store and ran errands. Picked up coffee, cleaned the apartment, and did two loads of laundry. Pretty relaxing Sunday overall.",0,-0.0019,0,0.0,0
I completed a full body workout today,Had a long video call with my family and watched the game in the evening. Ordered pizza and relaxed on the couch most of the day.,0,0.2262,0,0.0,0
I went for a run this morning,Stayed in bed and scrolled through social media for a while. Eventually got up to make breakfast but didn't leave the house at all today.,0,0.2238,0,0.0,0
I read a chapter on machine learning today,Binge-watched a new series on Netflix. Finished six episodes and ordered delivery for dinner. Didn't open a single book or study resource.,0,0.2177,0,0.0,0
I applied to software engineering jobs today,Played video games online with friends for most of the day. Did some browsing but nothing productive. Will apply to jobs tomorrow for sure.,0,0.3952,1,0.0515,0
I pushed code to GitHub today,"Took a nap after lunch and spent the evening journaling. No screen time, no coding. Intentional rest day to recharge before a busy week.",0,0.1819,0,0.0,0
I practiced binary search problems on LeetCode,Organized my room and reorganized my bookshelf alphabetically. Had coffee with a friend and caught up on news articles. Not a very technical day.,0,0.1387,0,0.0,0
I completed a yoga and stretching session,Spent the morning debugging a complex concurrency issue at work. Long meetings in the afternoon. Too tired by evening to exercise.,0,0.2733,0,0.0,0
I studied system design concepts,Cooked a new recipe for dinner and watched cooking videos on YouTube. Learned about knife techniques and flavor pairing but nothing related to software.,0,0.2034,0,0.0,0
I did a HIIT workout session,Had back-to-back work meetings all day. Ate lunch at my desk. By the time I finished work it was already 8pm and I was too exhausted to exercise.,0,0.3765,1,0.0,0
I updated my resume and applied to jobs,"Spent the day hiking with friends in the mountains. Great views, good weather. Completely unplugged — no phone, no laptop, no career stuff.",0,0.0893,0,0.0,0
I read articles about natural language processing,Browsed Reddit and Twitter most of the morning. Watched a few YouTube videos about travel destinations. Nothing academic or technical was consumed today.,0,0.1651,0,0.0,0
I did an upper body strength training session,Attended a birthday party and spent the evening socializing. Had cake and drinks. Fun night but no physical activity beyond walking around the venue.,0,0.2185,0,0.0,0
I made a GitHub commit working on a side project,Spent the day at a museum exhibit on ancient history. Very interesting but completely unrelated to coding. No computer opened all day.,0,0.1071,0,0.0,0
I studied recursion and backtracking,Did some light reading of fiction novels and listened to podcasts about personal finance. Relaxing day with no technical studying involved.,0,0.1328,0,0.0,0
I did a mock technical interview today,"Went to the beach with family. Swam in the ocean, played volleyball, and had a barbecue in the evening. A great day but not productive for job prep.",0,0.1918,0,0.0,0
I completed a sliding window algorithm problem,Watched a documentary about space exploration and took a long walk in the afternoon. Thought about life and future goals but did no programming today.,0,0.1265,0,0.0,0
I studied data structures by reading a textbook,Spent the afternoon at a coffee shop chatting with colleagues. Discussed weekend plans and current events. Did not bring any study materials.,0,0.1904,0,0.0,0
I contributed to an open source project today,"Took a half day off work. Got a haircut, went to the dentist, and ran a few other errands around town. No coding or open source work.",0,0.4107,1,0.1628,1
I refactored my codebase and pushed changes,Had a movie marathon at home — watched three films back to back. Made popcorn and completely checked out from work and side projects for the day.,0,0.1289,0,0.0,0
I implemented a new feature and pushed it to GitHub,Spent the evening cooking an elaborate dinner from scratch and hosting friends. Cleaned up afterward and went to bed early. No programming happened.,0,0.1246,0,0.0,0
I researched companies and applied to internships,Did some gardening and yard work in the morning. Repotted plants and mowed the lawn. Rewarding but had nothing to do with job searching.,0,0.2098,0,0.0,0
I prepared for a behavioral interview,"Played board games with roommates all evening. Had a great time but spent no time on interview prep, resume work, or anything career-related.",0,0.3284,0,0.0564,0
I studied operating systems concepts,Went to a concert in the evening and grabbed dinner before the show. Long commute back. Got home late and went straight to sleep.,0,0.0658,0,0.0,0
